{
    "EmojiGeneral": {
        "Emoji1": "<a:zil:803692448710000710>",
        "Emoji2": "<a:yildiz:803692447329681440>",
        "Emoji3": "<a:yildizlar:803692454700253184>",
        "Emoji4": "<a:tac:803692454989529098>",
        "Emoji5": "<a:duyuru:803692445057155122>",
        "Emoji6": "<a:supheli:803692446332092457>",
        "Emoji7": "<a:hac:803692449452785684>",
        "Tik": "<:onaylandi:803692448349421630>",
        "Çarpı": "<:reddedildi:803692449444266055>",
        "Emojiİsim": "kalp"
    },
        "EmojiNumbers": {
        "One": "<a:bir:803692463188869210>",
        "Two": "<a:iki:803692465915297842>",
        "Three": "<a:uc:803692466183209042>",
        "Four": "<a:dort:803692465718034532>",
        "Five": "<a:bed:803692464480583800>",
        "Six": "<a:alti:803692459636555848>",
        "Seven": "<a:yedi:803692465973887016>",
        "Eight": "<a:sekiz:803692465970216971>",
        "Nine": "<a:dokuz:803692466548113488>",
        "Zero": "<a:sifir:803692466422677535>"
        }
}